Page,Book
Genesis 1,[[Genesis]]
Genesis 2,[[Genesis]]
Genesis 3,[[Genesis]]
Genesis 4,[[Genesis]]
Genesis 5,[[Genesis]]
Genesis 6,[[Genesis]]
Genesis 7,[[Genesis]]
Genesis 8,[[Genesis]]
Genesis 9,[[Genesis]]
Genesis 10,[[Genesis]]
Genesis 11,[[Genesis]]
Genesis 12,[[Genesis]]
Genesis 13,[[Genesis]]
Genesis 14,[[Genesis]]
Genesis 15,[[Genesis]]
Genesis 16,[[Genesis]]
Genesis 17,[[Genesis]]
Genesis 18,[[Genesis]]
Genesis 19,[[Genesis]]
Genesis 20,[[Genesis]]
Genesis 21,[[Genesis]]
Genesis 22,[[Genesis]]
Genesis 23,[[Genesis]]
Genesis 24,[[Genesis]]
Genesis 25,[[Genesis]]
Genesis 26,[[Genesis]]
Genesis 27,[[Genesis]]
Genesis 28,[[Genesis]]
Genesis 29,[[Genesis]]
Genesis 30,[[Genesis]]
Genesis 31,[[Genesis]]
Genesis 32,[[Genesis]]
Genesis 33,[[Genesis]]
Genesis 34,[[Genesis]]
Genesis 35,[[Genesis]]
Genesis 36,[[Genesis]]
Genesis 37,[[Genesis]]
Genesis 38,[[Genesis]]
Genesis 39,[[Genesis]]
Genesis 40,[[Genesis]]
Genesis 41,[[Genesis]]
Genesis 42,[[Genesis]]
Genesis 43,[[Genesis]]
Genesis 44,[[Genesis]]
Genesis 45,[[Genesis]]
Genesis 46,[[Genesis]]
Genesis 47,[[Genesis]]
Genesis 48,[[Genesis]]
Genesis 49,[[Genesis]]
Genesis 50,[[Genesis]]
Exodus 1,[[Exodus]]
Exodus 2,[[Exodus]]
Exodus 3,[[Exodus]]
Exodus 4,[[Exodus]]
Exodus 5,[[Exodus]]
Exodus 6,[[Exodus]]
Exodus 7,[[Exodus]]
Exodus 8,[[Exodus]]
Exodus 9,[[Exodus]]
Exodus 10,[[Exodus]]
Exodus 11,[[Exodus]]
Exodus 12,[[Exodus]]
Exodus 13,[[Exodus]]
Exodus 14,[[Exodus]]
Exodus 15,[[Exodus]]
Exodus 16,[[Exodus]]
Exodus 17,[[Exodus]]
Exodus 18,[[Exodus]]
Exodus 19,[[Exodus]]
Exodus 20,[[Exodus]]
Exodus 21,[[Exodus]]
Exodus 22,[[Exodus]]
Exodus 23,[[Exodus]]
Exodus 24,[[Exodus]]
Exodus 25,[[Exodus]]
Exodus 26,[[Exodus]]
Exodus 27,[[Exodus]]
Exodus 28,[[Exodus]]
Exodus 29,[[Exodus]]
Exodus 30,[[Exodus]]
Exodus 31,[[Exodus]]
Exodus 32,[[Exodus]]
Exodus 33,[[Exodus]]
Exodus 34,[[Exodus]]
Exodus 35,[[Exodus]]
Exodus 36,[[Exodus]]
Exodus 37,[[Exodus]]
Exodus 38,[[Exodus]]
Exodus 39,[[Exodus]]
Exodus 40,[[Exodus]]
Leviticus 1,[[Leviticus]]
Leviticus 2,[[Leviticus]]
Leviticus 3,[[Leviticus]]
Leviticus 4,[[Leviticus]]
Leviticus 5,[[Leviticus]]
Leviticus 6,[[Leviticus]]
Leviticus 7,[[Leviticus]]
Leviticus 8,[[Leviticus]]
Leviticus 9,[[Leviticus]]
Leviticus 10,[[Leviticus]]
Leviticus 11,[[Leviticus]]
Leviticus 12,[[Leviticus]]
Leviticus 13,[[Leviticus]]
Leviticus 14,[[Leviticus]]
Leviticus 15,[[Leviticus]]
Leviticus 16,[[Leviticus]]
Leviticus 17,[[Leviticus]]
Leviticus 18,[[Leviticus]]
Leviticus 19,[[Leviticus]]
Leviticus 20,[[Leviticus]]
Leviticus 21,[[Leviticus]]
Leviticus 22,[[Leviticus]]
Leviticus 23,[[Leviticus]]
Leviticus 24,[[Leviticus]]
Leviticus 25,[[Leviticus]]
Leviticus 26,[[Leviticus]]
Leviticus 27,[[Leviticus]]
Numbers 1,[[Numbers]]
Numbers 2,[[Numbers]]
Numbers 3,[[Numbers]]
Numbers 4,[[Numbers]]
Numbers 5,[[Numbers]]
Numbers 6,[[Numbers]]
Numbers 7,[[Numbers]]
Numbers 8,[[Numbers]]
Numbers 9,[[Numbers]]
Numbers 10,[[Numbers]]
Numbers 11,[[Numbers]]
Numbers 12,[[Numbers]]
Numbers 13,[[Numbers]]
Numbers 14,[[Numbers]]
Numbers 15,[[Numbers]]
Numbers 16,[[Numbers]]
Numbers 17,[[Numbers]]
Numbers 18,[[Numbers]]
Numbers 19,[[Numbers]]
Numbers 20,[[Numbers]]
Numbers 21,[[Numbers]]
Numbers 22,[[Numbers]]
Numbers 23,[[Numbers]]
Numbers 24,[[Numbers]]
Numbers 25,[[Numbers]]
Numbers 26,[[Numbers]]
Numbers 27,[[Numbers]]
Numbers 28,[[Numbers]]
Numbers 29,[[Numbers]]
Numbers 30,[[Numbers]]
Numbers 31,[[Numbers]]
Numbers 32,[[Numbers]]
Numbers 33,[[Numbers]]
Numbers 34,[[Numbers]]
Numbers 35,[[Numbers]]
Numbers 36,[[Numbers]]
Deuteronomy 1,[[Deuteronomy]]
Deuteronomy 2,[[Deuteronomy]]
Deuteronomy 3,[[Deuteronomy]]
Deuteronomy 4,[[Deuteronomy]]
Deuteronomy 5,[[Deuteronomy]]
Deuteronomy 6,[[Deuteronomy]]
Deuteronomy 7,[[Deuteronomy]]
Deuteronomy 8,[[Deuteronomy]]
Deuteronomy 9,[[Deuteronomy]]
Deuteronomy 10,[[Deuteronomy]]
Deuteronomy 11,[[Deuteronomy]]
Deuteronomy 12,[[Deuteronomy]]
Deuteronomy 13,[[Deuteronomy]]
Deuteronomy 14,[[Deuteronomy]]
Deuteronomy 15,[[Deuteronomy]]
Deuteronomy 16,[[Deuteronomy]]
Deuteronomy 17,[[Deuteronomy]]
Deuteronomy 18,[[Deuteronomy]]
Deuteronomy 19,[[Deuteronomy]]
Deuteronomy 20,[[Deuteronomy]]
Deuteronomy 21,[[Deuteronomy]]
Deuteronomy 22,[[Deuteronomy]]
Deuteronomy 23,[[Deuteronomy]]
Deuteronomy 24,[[Deuteronomy]]
Deuteronomy 25,[[Deuteronomy]]
Deuteronomy 26,[[Deuteronomy]]
Deuteronomy 27,[[Deuteronomy]]
Deuteronomy 28,[[Deuteronomy]]
Deuteronomy 29,[[Deuteronomy]]
Deuteronomy 30,[[Deuteronomy]]
Deuteronomy 31,[[Deuteronomy]]
Deuteronomy 32,[[Deuteronomy]]
Deuteronomy 33,[[Deuteronomy]]
Deuteronomy 34,[[Deuteronomy]]
Joshua 1,[[Joshua]]
Joshua 2,[[Joshua]]
Joshua 3,[[Joshua]]
Joshua 4,[[Joshua]]
Joshua 5,[[Joshua]]
Joshua 6,[[Joshua]]
Joshua 7,[[Joshua]]
Joshua 8,[[Joshua]]
Joshua 9,[[Joshua]]
Joshua 10,[[Joshua]]
Joshua 11,[[Joshua]]
Joshua 12,[[Joshua]]
Joshua 13,[[Joshua]]
Joshua 14,[[Joshua]]
Joshua 15,[[Joshua]]
Joshua 16,[[Joshua]]
Joshua 17,[[Joshua]]
Joshua 18,[[Joshua]]
Joshua 19,[[Joshua]]
Joshua 20,[[Joshua]]
Joshua 21,[[Joshua]]
Joshua 22,[[Joshua]]
Joshua 23,[[Joshua]]
Joshua 24,[[Joshua]]
Judges 1,[[Judges]]
Judges 2,[[Judges]]
Judges 3,[[Judges]]
Judges 4,[[Judges]]
Judges 5,[[Judges]]
Judges 6,[[Judges]]
Judges 7,[[Judges]]
Judges 8,[[Judges]]
Judges 9,[[Judges]]
Judges 10,[[Judges]]
Judges 11,[[Judges]]
Judges 12,[[Judges]]
Judges 13,[[Judges]]
Judges 14,[[Judges]]
Judges 15,[[Judges]]
Judges 16,[[Judges]]
Judges 17,[[Judges]]
Judges 18,[[Judges]]
Judges 19,[[Judges]]
Judges 20,[[Judges]]
Judges 21,[[Judges]]
Ruth 1,[[Ruth]]
Ruth 2,[[Ruth]]
Ruth 3,[[Ruth]]
Ruth 4,[[Ruth]]
1 Samuel 1,[[1 Samuel]]
1 Samuel 2,[[1 Samuel]]
1 Samuel 3,[[1 Samuel]]
1 Samuel 4,[[1 Samuel]]
1 Samuel 5,[[1 Samuel]]
1 Samuel 6,[[1 Samuel]]
1 Samuel 7,[[1 Samuel]]
1 Samuel 8,[[1 Samuel]]
1 Samuel 9,[[1 Samuel]]
1 Samuel 10,[[1 Samuel]]
1 Samuel 11,[[1 Samuel]]
1 Samuel 12,[[1 Samuel]]
1 Samuel 13,[[1 Samuel]]
1 Samuel 14,[[1 Samuel]]
1 Samuel 15,[[1 Samuel]]
1 Samuel 16,[[1 Samuel]]
1 Samuel 17,[[1 Samuel]]
1 Samuel 18,[[1 Samuel]]
1 Samuel 19,[[1 Samuel]]
1 Samuel 20,[[1 Samuel]]
1 Samuel 21,[[1 Samuel]]
1 Samuel 22,[[1 Samuel]]
1 Samuel 23,[[1 Samuel]]
1 Samuel 24,[[1 Samuel]]
1 Samuel 25,[[1 Samuel]]
1 Samuel 26,[[1 Samuel]]
1 Samuel 27,[[1 Samuel]]
1 Samuel 28,[[1 Samuel]]
1 Samuel 29,[[1 Samuel]]
1 Samuel 30,[[1 Samuel]]
1 Samuel 31,[[1 Samuel]]
2 Samuel 1,[[2 Samuel]]
2 Samuel 2,[[2 Samuel]]
2 Samuel 3,[[2 Samuel]]
2 Samuel 4,[[2 Samuel]]
2 Samuel 5,[[2 Samuel]]
2 Samuel 6,[[2 Samuel]]
2 Samuel 7,[[2 Samuel]]
2 Samuel 8,[[2 Samuel]]
2 Samuel 9,[[2 Samuel]]
2 Samuel 10,[[2 Samuel]]
2 Samuel 11,[[2 Samuel]]
2 Samuel 12,[[2 Samuel]]
2 Samuel 13,[[2 Samuel]]
2 Samuel 14,[[2 Samuel]]
2 Samuel 15,[[2 Samuel]]
2 Samuel 16,[[2 Samuel]]
2 Samuel 17,[[2 Samuel]]
2 Samuel 18,[[2 Samuel]]
2 Samuel 19,[[2 Samuel]]
2 Samuel 20,[[2 Samuel]]
2 Samuel 21,[[2 Samuel]]
2 Samuel 22,[[2 Samuel]]
2 Samuel 23,[[2 Samuel]]
2 Samuel 24,[[2 Samuel]]
1 Kings 1,[[1 Kings]]
1 Kings 2,[[1 Kings]]
1 Kings 3,[[1 Kings]]
1 Kings 4,[[1 Kings]]
1 Kings 5,[[1 Kings]]
1 Kings 6,[[1 Kings]]
1 Kings 7,[[1 Kings]]
1 Kings 8,[[1 Kings]]
1 Kings 9,[[1 Kings]]
1 Kings 10,[[1 Kings]]
1 Kings 11,[[1 Kings]]
1 Kings 12,[[1 Kings]]
1 Kings 13,[[1 Kings]]
1 Kings 14,[[1 Kings]]
1 Kings 15,[[1 Kings]]
1 Kings 16,[[1 Kings]]
1 Kings 17,[[1 Kings]]
1 Kings 18,[[1 Kings]]
1 Kings 19,[[1 Kings]]
1 Kings 20,[[1 Kings]]
1 Kings 21,[[1 Kings]]
1 Kings 22,[[1 Kings]]
2 Kings 1,[[2 Kings]]
2 Kings 2,[[2 Kings]]
2 Kings 3,[[2 Kings]]
2 Kings 4,[[2 Kings]]
2 Kings 5,[[2 Kings]]
2 Kings 6,[[2 Kings]]
2 Kings 7,[[2 Kings]]
2 Kings 8,[[2 Kings]]
2 Kings 9,[[2 Kings]]
2 Kings 10,[[2 Kings]]
2 Kings 11,[[2 Kings]]
2 Kings 12,[[2 Kings]]
2 Kings 13,[[2 Kings]]
2 Kings 14,[[2 Kings]]
2 Kings 15,[[2 Kings]]
2 Kings 16,[[2 Kings]]
2 Kings 17,[[2 Kings]]
2 Kings 18,[[2 Kings]]
2 Kings 19,[[2 Kings]]
2 Kings 20,[[2 Kings]]
2 Kings 21,[[2 Kings]]
2 Kings 22,[[2 Kings]]
2 Kings 23,[[2 Kings]]
2 Kings 24,[[2 Kings]]
2 Kings 25,[[2 Kings]]
1 Chronicles 1,[[1 Chronicles]]
1 Chronicles 2,[[1 Chronicles]]
1 Chronicles 3,[[1 Chronicles]]
1 Chronicles 4,[[1 Chronicles]]
1 Chronicles 5,[[1 Chronicles]]
1 Chronicles 6,[[1 Chronicles]]
1 Chronicles 7,[[1 Chronicles]]
1 Chronicles 8,[[1 Chronicles]]
1 Chronicles 9,[[1 Chronicles]]
1 Chronicles 10,[[1 Chronicles]]
1 Chronicles 11,[[1 Chronicles]]
1 Chronicles 12,[[1 Chronicles]]
1 Chronicles 13,[[1 Chronicles]]
1 Chronicles 14,[[1 Chronicles]]
1 Chronicles 15,[[1 Chronicles]]
1 Chronicles 16,[[1 Chronicles]]
1 Chronicles 17,[[1 Chronicles]]
1 Chronicles 18,[[1 Chronicles]]
1 Chronicles 19,[[1 Chronicles]]
1 Chronicles 20,[[1 Chronicles]]
1 Chronicles 21,[[1 Chronicles]]
1 Chronicles 22,[[1 Chronicles]]
1 Chronicles 23,[[1 Chronicles]]
1 Chronicles 24,[[1 Chronicles]]
1 Chronicles 25,[[1 Chronicles]]
1 Chronicles 26,[[1 Chronicles]]
1 Chronicles 27,[[1 Chronicles]]
1 Chronicles 28,[[1 Chronicles]]
1 Chronicles 29,[[1 Chronicles]]
2 Chronicles 1,[[2 Chronicles]]
2 Chronicles 2,[[2 Chronicles]]
2 Chronicles 3,[[2 Chronicles]]
2 Chronicles 4,[[2 Chronicles]]
2 Chronicles 5,[[2 Chronicles]]
2 Chronicles 6,[[2 Chronicles]]
2 Chronicles 7,[[2 Chronicles]]
2 Chronicles 8,[[2 Chronicles]]
2 Chronicles 9,[[2 Chronicles]]
2 Chronicles 10,[[2 Chronicles]]
2 Chronicles 11,[[2 Chronicles]]
2 Chronicles 12,[[2 Chronicles]]
2 Chronicles 13,[[2 Chronicles]]
2 Chronicles 14,[[2 Chronicles]]
2 Chronicles 15,[[2 Chronicles]]
2 Chronicles 16,[[2 Chronicles]]
2 Chronicles 17,[[2 Chronicles]]
2 Chronicles 18,[[2 Chronicles]]
2 Chronicles 19,[[2 Chronicles]]
2 Chronicles 20,[[2 Chronicles]]
2 Chronicles 21,[[2 Chronicles]]
2 Chronicles 22,[[2 Chronicles]]
2 Chronicles 23,[[2 Chronicles]]
2 Chronicles 24,[[2 Chronicles]]
2 Chronicles 25,[[2 Chronicles]]
2 Chronicles 26,[[2 Chronicles]]
2 Chronicles 27,[[2 Chronicles]]
2 Chronicles 28,[[2 Chronicles]]
2 Chronicles 29,[[2 Chronicles]]
2 Chronicles 30,[[2 Chronicles]]
2 Chronicles 31,[[2 Chronicles]]
2 Chronicles 32,[[2 Chronicles]]
2 Chronicles 33,[[2 Chronicles]]
2 Chronicles 34,[[2 Chronicles]]
2 Chronicles 35,[[2 Chronicles]]
2 Chronicles 36,[[2 Chronicles]]
Ezra 1,[[Ezra]]
Ezra 2,[[Ezra]]
Ezra 3,[[Ezra]]
Ezra 4,[[Ezra]]
Ezra 5,[[Ezra]]
Ezra 6,[[Ezra]]
Ezra 7,[[Ezra]]
Ezra 8,[[Ezra]]
Ezra 9,[[Ezra]]
Ezra 10,[[Ezra]]
Nehemiah 1,[[Nehemiah]]
Nehemiah 2,[[Nehemiah]]
Nehemiah 3,[[Nehemiah]]
Nehemiah 4,[[Nehemiah]]
Nehemiah 5,[[Nehemiah]]
Nehemiah 6,[[Nehemiah]]
Nehemiah 7,[[Nehemiah]]
Nehemiah 8,[[Nehemiah]]
Nehemiah 9,[[Nehemiah]]
Nehemiah 10,[[Nehemiah]]
Nehemiah 11,[[Nehemiah]]
Nehemiah 12,[[Nehemiah]]
Nehemiah 13,[[Nehemiah]]
Esther 1,[[Esther]]
Esther 2,[[Esther]]
Esther 3,[[Esther]]
Esther 4,[[Esther]]
Esther 5,[[Esther]]
Esther 6,[[Esther]]
Esther 7,[[Esther]]
Esther 8,[[Esther]]
Esther 9,[[Esther]]
Esther 10,[[Esther]]
Job 1,[[Job]]
Job 2,[[Job]]
Job 3,[[Job]]
Job 4,[[Job]]
Job 5,[[Job]]
Job 6,[[Job]]
Job 7,[[Job]]
Job 8,[[Job]]
Job 9,[[Job]]
Job 10,[[Job]]
Job 11,[[Job]]
Job 12,[[Job]]
Job 13,[[Job]]
Job 14,[[Job]]
Job 15,[[Job]]
Job 16,[[Job]]
Job 17,[[Job]]
Job 18,[[Job]]
Job 19,[[Job]]
Job 20,[[Job]]
Job 21,[[Job]]
Job 22,[[Job]]
Job 23,[[Job]]
Job 24,[[Job]]
Job 25,[[Job]]
Job 26,[[Job]]
Job 27,[[Job]]
Job 28,[[Job]]
Job 29,[[Job]]
Job 30,[[Job]]
Job 31,[[Job]]
Job 32,[[Job]]
Job 33,[[Job]]
Job 34,[[Job]]
Job 35,[[Job]]
Job 36,[[Job]]
Job 37,[[Job]]
Job 38,[[Job]]
Job 39,[[Job]]
Job 40,[[Job]]
Job 41,[[Job]]
Job 42,[[Job]]
Psalm 1,[[Psalm]]
Psalm 2,[[Psalm]]
Psalm 3,[[Psalm]]
Psalm 4,[[Psalm]]
Psalm 5,[[Psalm]]
Psalm 6,[[Psalm]]
Psalm 7,[[Psalm]]
Psalm 8,[[Psalm]]
Psalm 9,[[Psalm]]
Psalm 10,[[Psalm]]
Psalm 11,[[Psalm]]
Psalm 12,[[Psalm]]
Psalm 13,[[Psalm]]
Psalm 14,[[Psalm]]
Psalm 15,[[Psalm]]
Psalm 16,[[Psalm]]
Psalm 17,[[Psalm]]
Psalm 18,[[Psalm]]
Psalm 19,[[Psalm]]
Psalm 20,[[Psalm]]
Psalm 21,[[Psalm]]
Psalm 22,[[Psalm]]
Psalm 23,[[Psalm]]
Psalm 24,[[Psalm]]
Psalm 25,[[Psalm]]
Psalm 26,[[Psalm]]
Psalm 27,[[Psalm]]
Psalm 28,[[Psalm]]
Psalm 29,[[Psalm]]
Psalm 30,[[Psalm]]
Psalm 31,[[Psalm]]
Psalm 32,[[Psalm]]
Psalm 33,[[Psalm]]
Psalm 34,[[Psalm]]
Psalm 35,[[Psalm]]
Psalm 36,[[Psalm]]
Psalm 37,[[Psalm]]
Psalm 38,[[Psalm]]
Psalm 39,[[Psalm]]
Psalm 40,[[Psalm]]
Psalm 41,[[Psalm]]
Psalm 42,[[Psalm]]
Psalm 43,[[Psalm]]
Psalm 44,[[Psalm]]
Psalm 45,[[Psalm]]
Psalm 46,[[Psalm]]
Psalm 47,[[Psalm]]
Psalm 48,[[Psalm]]
Psalm 49,[[Psalm]]
Psalm 50,[[Psalm]]
Psalm 51,[[Psalm]]
Psalm 52,[[Psalm]]
Psalm 53,[[Psalm]]
Psalm 54,[[Psalm]]
Psalm 55,[[Psalm]]
Psalm 56,[[Psalm]]
Psalm 57,[[Psalm]]
Psalm 58,[[Psalm]]
Psalm 59,[[Psalm]]
Psalm 60,[[Psalm]]
Psalm 61,[[Psalm]]
Psalm 62,[[Psalm]]
Psalm 63,[[Psalm]]
Psalm 64,[[Psalm]]
Psalm 65,[[Psalm]]
Psalm 66,[[Psalm]]
Psalm 67,[[Psalm]]
Psalm 68,[[Psalm]]
Psalm 69,[[Psalm]]
Psalm 70,[[Psalm]]
Psalm 71,[[Psalm]]
Psalm 72,[[Psalm]]
Psalm 73,[[Psalm]]
Psalm 74,[[Psalm]]
Psalm 75,[[Psalm]]
Psalm 76,[[Psalm]]
Psalm 77,[[Psalm]]
Psalm 78,[[Psalm]]
Psalm 79,[[Psalm]]
Psalm 80,[[Psalm]]
Psalm 81,[[Psalm]]
Psalm 82,[[Psalm]]
Psalm 83,[[Psalm]]
Psalm 84,[[Psalm]]
Psalm 85,[[Psalm]]
Psalm 86,[[Psalm]]
Psalm 87,[[Psalm]]
Psalm 88,[[Psalm]]
Psalm 89,[[Psalm]]
Psalm 90,[[Psalm]]
Psalm 91,[[Psalm]]
Psalm 92,[[Psalm]]
Psalm 93,[[Psalm]]
Psalm 94,[[Psalm]]
Psalm 95,[[Psalm]]
Psalm 96,[[Psalm]]
Psalm 97,[[Psalm]]
Psalm 98,[[Psalm]]
Psalm 99,[[Psalm]]
Psalm 100,[[Psalm]]
Psalm 101,[[Psalm]]
Psalm 102,[[Psalm]]
Psalm 103,[[Psalm]]
Psalm 104,[[Psalm]]
Psalm 105,[[Psalm]]
Psalm 106,[[Psalm]]
Psalm 107,[[Psalm]]
Psalm 108,[[Psalm]]
Psalm 109,[[Psalm]]
Psalm 110,[[Psalm]]
Psalm 111,[[Psalm]]
Psalm 112,[[Psalm]]
Psalm 113,[[Psalm]]
Psalm 114,[[Psalm]]
Psalm 115,[[Psalm]]
Psalm 116,[[Psalm]]
Psalm 117,[[Psalm]]
Psalm 118,[[Psalm]]
Psalm 119,[[Psalm]]
Psalm 120,[[Psalm]]
Psalm 121,[[Psalm]]
Psalm 122,[[Psalm]]
Psalm 123,[[Psalm]]
Psalm 124,[[Psalm]]
Psalm 125,[[Psalm]]
Psalm 126,[[Psalm]]
Psalm 127,[[Psalm]]
Psalm 128,[[Psalm]]
Psalm 129,[[Psalm]]
Psalm 130,[[Psalm]]
Psalm 131,[[Psalm]]
Psalm 132,[[Psalm]]
Psalm 133,[[Psalm]]
Psalm 134,[[Psalm]]
Psalm 135,[[Psalm]]
Psalm 136,[[Psalm]]
Psalm 137,[[Psalm]]
Psalm 138,[[Psalm]]
Psalm 139,[[Psalm]]
Psalm 140,[[Psalm]]
Psalm 141,[[Psalm]]
Psalm 142,[[Psalm]]
Psalm 143,[[Psalm]]
Psalm 144,[[Psalm]]
Psalm 145,[[Psalm]]
Psalm 146,[[Psalm]]
Psalm 147,[[Psalm]]
Psalm 148,[[Psalm]]
Psalm 149,[[Psalm]]
Psalm 150,[[Psalm]]
Proverbs 1,[[Proverbs]]
Proverbs 2,[[Proverbs]]
Proverbs 3,[[Proverbs]]
Proverbs 4,[[Proverbs]]
Proverbs 5,[[Proverbs]]
Proverbs 6,[[Proverbs]]
Proverbs 7,[[Proverbs]]
Proverbs 8,[[Proverbs]]
Proverbs 9,[[Proverbs]]
Proverbs 10,[[Proverbs]]
Proverbs 11,[[Proverbs]]
Proverbs 12,[[Proverbs]]
Proverbs 13,[[Proverbs]]
Proverbs 14,[[Proverbs]]
Proverbs 15,[[Proverbs]]
Proverbs 16,[[Proverbs]]
Proverbs 17,[[Proverbs]]
Proverbs 18,[[Proverbs]]
Proverbs 19,[[Proverbs]]
Proverbs 20,[[Proverbs]]
Proverbs 21,[[Proverbs]]
Proverbs 22,[[Proverbs]]
Proverbs 23,[[Proverbs]]
Proverbs 24,[[Proverbs]]
Proverbs 25,[[Proverbs]]
Proverbs 26,[[Proverbs]]
Proverbs 27,[[Proverbs]]
Proverbs 28,[[Proverbs]]
Proverbs 29,[[Proverbs]]
Proverbs 30,[[Proverbs]]
Proverbs 31,[[Proverbs]]
Ecclesiastes 1,[[Ecclesiastes]]
Ecclesiastes 2,[[Ecclesiastes]]
Ecclesiastes 3,[[Ecclesiastes]]
Ecclesiastes 4,[[Ecclesiastes]]
Ecclesiastes 5,[[Ecclesiastes]]
Ecclesiastes 6,[[Ecclesiastes]]
Ecclesiastes 7,[[Ecclesiastes]]
Ecclesiastes 8,[[Ecclesiastes]]
Ecclesiastes 9,[[Ecclesiastes]]
Ecclesiastes 10,[[Ecclesiastes]]
Ecclesiastes 11,[[Ecclesiastes]]
Ecclesiastes 12,[[Ecclesiastes]]
Song of Solomon 1,[[Song of Solomon]]
Song of Solomon 2,[[Song of Solomon]]
Song of Solomon 3,[[Song of Solomon]]
Song of Solomon 4,[[Song of Solomon]]
Song of Solomon 5,[[Song of Solomon]]
Song of Solomon 6,[[Song of Solomon]]
Song of Solomon 7,[[Song of Solomon]]
Song of Solomon 8,[[Song of Solomon]]
Isaiah 1,[[Isaiah]]
Isaiah 2,[[Isaiah]]
Isaiah 3,[[Isaiah]]
Isaiah 4,[[Isaiah]]
Isaiah 5,[[Isaiah]]
Isaiah 6,[[Isaiah]]
Isaiah 7,[[Isaiah]]
Isaiah 8,[[Isaiah]]
Isaiah 9,[[Isaiah]]
Isaiah 10,[[Isaiah]]
Isaiah 11,[[Isaiah]]
Isaiah 12,[[Isaiah]]
Isaiah 13,[[Isaiah]]
Isaiah 14,[[Isaiah]]
Isaiah 15,[[Isaiah]]
Isaiah 16,[[Isaiah]]
Isaiah 17,[[Isaiah]]
Isaiah 18,[[Isaiah]]
Isaiah 19,[[Isaiah]]
Isaiah 20,[[Isaiah]]
Isaiah 21,[[Isaiah]]
Isaiah 22,[[Isaiah]]
Isaiah 23,[[Isaiah]]
Isaiah 24,[[Isaiah]]
Isaiah 25,[[Isaiah]]
Isaiah 26,[[Isaiah]]
Isaiah 27,[[Isaiah]]
Isaiah 28,[[Isaiah]]
Isaiah 29,[[Isaiah]]
Isaiah 30,[[Isaiah]]
Isaiah 31,[[Isaiah]]
Isaiah 32,[[Isaiah]]
Isaiah 33,[[Isaiah]]
Isaiah 34,[[Isaiah]]
Isaiah 35,[[Isaiah]]
Isaiah 36,[[Isaiah]]
Isaiah 37,[[Isaiah]]
Isaiah 38,[[Isaiah]]
Isaiah 39,[[Isaiah]]
Isaiah 40,[[Isaiah]]
Isaiah 41,[[Isaiah]]
Isaiah 42,[[Isaiah]]
Isaiah 43,[[Isaiah]]
Isaiah 44,[[Isaiah]]
Isaiah 45,[[Isaiah]]
Isaiah 46,[[Isaiah]]
Isaiah 47,[[Isaiah]]
Isaiah 48,[[Isaiah]]
Isaiah 49,[[Isaiah]]
Isaiah 50,[[Isaiah]]
Isaiah 51,[[Isaiah]]
Isaiah 52,[[Isaiah]]
Isaiah 53,[[Isaiah]]
Isaiah 54,[[Isaiah]]
Isaiah 55,[[Isaiah]]
Isaiah 56,[[Isaiah]]
Isaiah 57,[[Isaiah]]
Isaiah 58,[[Isaiah]]
Isaiah 59,[[Isaiah]]
Isaiah 60,[[Isaiah]]
Isaiah 61,[[Isaiah]]
Isaiah 62,[[Isaiah]]
Isaiah 63,[[Isaiah]]
Isaiah 64,[[Isaiah]]
Isaiah 65,[[Isaiah]]
Isaiah 66,[[Isaiah]]
Jeremiah 1,[[Jeremiah]]
Jeremiah 2,[[Jeremiah]]
Jeremiah 3,[[Jeremiah]]
Jeremiah 4,[[Jeremiah]]
Jeremiah 5,[[Jeremiah]]
Jeremiah 6,[[Jeremiah]]
Jeremiah 7,[[Jeremiah]]
Jeremiah 8,[[Jeremiah]]
Jeremiah 9,[[Jeremiah]]
Jeremiah 10,[[Jeremiah]]
Jeremiah 11,[[Jeremiah]]
Jeremiah 12,[[Jeremiah]]
Jeremiah 13,[[Jeremiah]]
Jeremiah 14,[[Jeremiah]]
Jeremiah 15,[[Jeremiah]]
Jeremiah 16,[[Jeremiah]]
Jeremiah 17,[[Jeremiah]]
Jeremiah 18,[[Jeremiah]]
Jeremiah 19,[[Jeremiah]]
Jeremiah 20,[[Jeremiah]]
Jeremiah 21,[[Jeremiah]]
Jeremiah 22,[[Jeremiah]]
Jeremiah 23,[[Jeremiah]]
Jeremiah 24,[[Jeremiah]]
Jeremiah 25,[[Jeremiah]]
Jeremiah 26,[[Jeremiah]]
Jeremiah 27,[[Jeremiah]]
Jeremiah 28,[[Jeremiah]]
Jeremiah 29,[[Jeremiah]]
Jeremiah 30,[[Jeremiah]]
Jeremiah 31,[[Jeremiah]]
Jeremiah 32,[[Jeremiah]]
Jeremiah 33,[[Jeremiah]]
Jeremiah 34,[[Jeremiah]]
Jeremiah 35,[[Jeremiah]]
Jeremiah 36,[[Jeremiah]]
Jeremiah 37,[[Jeremiah]]
Jeremiah 38,[[Jeremiah]]
Jeremiah 39,[[Jeremiah]]
Jeremiah 40,[[Jeremiah]]
Jeremiah 41,[[Jeremiah]]
Jeremiah 42,[[Jeremiah]]
Jeremiah 43,[[Jeremiah]]
Jeremiah 44,[[Jeremiah]]
Jeremiah 45,[[Jeremiah]]
Jeremiah 46,[[Jeremiah]]
Jeremiah 47,[[Jeremiah]]
Jeremiah 48,[[Jeremiah]]
Jeremiah 49,[[Jeremiah]]
Jeremiah 50,[[Jeremiah]]
Jeremiah 51,[[Jeremiah]]
Jeremiah 52,[[Jeremiah]]
Lamentations 1,[[Lamentations]]
Lamentations 2,[[Lamentations]]
Lamentations 3,[[Lamentations]]
Lamentations 4,[[Lamentations]]
Lamentations 5,[[Lamentations]]
Ezekiel 1,[[Ezekiel]]
Ezekiel 2,[[Ezekiel]]
Ezekiel 3,[[Ezekiel]]
Ezekiel 4,[[Ezekiel]]
Ezekiel 5,[[Ezekiel]]
Ezekiel 6,[[Ezekiel]]
Ezekiel 7,[[Ezekiel]]
Ezekiel 8,[[Ezekiel]]
Ezekiel 9,[[Ezekiel]]
Ezekiel 10,[[Ezekiel]]
Ezekiel 11,[[Ezekiel]]
Ezekiel 12,[[Ezekiel]]
Ezekiel 13,[[Ezekiel]]
Ezekiel 14,[[Ezekiel]]
Ezekiel 15,[[Ezekiel]]
Ezekiel 16,[[Ezekiel]]
Ezekiel 17,[[Ezekiel]]
Ezekiel 18,[[Ezekiel]]
Ezekiel 19,[[Ezekiel]]
Ezekiel 20,[[Ezekiel]]
Ezekiel 21,[[Ezekiel]]
Ezekiel 22,[[Ezekiel]]
Ezekiel 23,[[Ezekiel]]
Ezekiel 24,[[Ezekiel]]
Ezekiel 25,[[Ezekiel]]
Ezekiel 26,[[Ezekiel]]
Ezekiel 27,[[Ezekiel]]
Ezekiel 28,[[Ezekiel]]
Ezekiel 29,[[Ezekiel]]
Ezekiel 30,[[Ezekiel]]
Ezekiel 31,[[Ezekiel]]
Ezekiel 32,[[Ezekiel]]
Ezekiel 33,[[Ezekiel]]
Ezekiel 34,[[Ezekiel]]
Ezekiel 35,[[Ezekiel]]
Ezekiel 36,[[Ezekiel]]
Ezekiel 37,[[Ezekiel]]
Ezekiel 38,[[Ezekiel]]
Ezekiel 39,[[Ezekiel]]
Ezekiel 40,[[Ezekiel]]
Ezekiel 41,[[Ezekiel]]
Ezekiel 42,[[Ezekiel]]
Ezekiel 43,[[Ezekiel]]
Ezekiel 44,[[Ezekiel]]
Ezekiel 45,[[Ezekiel]]
Ezekiel 46,[[Ezekiel]]
Ezekiel 47,[[Ezekiel]]
Ezekiel 48,[[Ezekiel]]
Daniel 1,[[Daniel]]
Daniel 2,[[Daniel]]
Daniel 3,[[Daniel]]
Daniel 4,[[Daniel]]
Daniel 5,[[Daniel]]
Daniel 6,[[Daniel]]
Daniel 7,[[Daniel]]
Daniel 8,[[Daniel]]
Daniel 9,[[Daniel]]
Daniel 10,[[Daniel]]
Daniel 11,[[Daniel]]
Daniel 12,[[Daniel]]
Hosea 1,[[Hosea]]
Hosea 2,[[Hosea]]
Hosea 3,[[Hosea]]
Hosea 4,[[Hosea]]
Hosea 5,[[Hosea]]
Hosea 6,[[Hosea]]
Hosea 7,[[Hosea]]
Hosea 8,[[Hosea]]
Hosea 9,[[Hosea]]
Hosea 10,[[Hosea]]
Hosea 11,[[Hosea]]
Hosea 12,[[Hosea]]
Hosea 13,[[Hosea]]
Hosea 14,[[Hosea]]
Joel 1,[[Joel]]
Joel 2,[[Joel]]
Joel 3,[[Joel]]
Amos 1,[[Amos]]
Amos 2,[[Amos]]
Amos 3,[[Amos]]
Amos 4,[[Amos]]
Amos 5,[[Amos]]
Amos 6,[[Amos]]
Amos 7,[[Amos]]
Amos 8,[[Amos]]
Amos 9,[[Amos]]
Obadiah 1,[[Obadiah]]
Jonah 1,[[Jonah]]
Jonah 2,[[Jonah]]
Jonah 3,[[Jonah]]
Jonah 4,[[Jonah]]
Micah 1,[[Micah]]
Micah 2,[[Micah]]
Micah 3,[[Micah]]
Micah 4,[[Micah]]
Micah 5,[[Micah]]
Micah 6,[[Micah]]
Micah 7,[[Micah]]
Nahum 1,[[Nahum]]
Nahum 2,[[Nahum]]
Nahum 3,[[Nahum]]
Habakkuk 1,[[Habakkuk]]
Habakkuk 2,[[Habakkuk]]
Habakkuk 3,[[Habakkuk]]
Zephaniah 1,[[Zephaniah]]
Zephaniah 2,[[Zephaniah]]
Zephaniah 3,[[Zephaniah]]
Haggai 1,[[Haggai]]
Haggai 2,[[Haggai]]
Zechariah 1,[[Zechariah]]
Zechariah 2,[[Zechariah]]
Zechariah 3,[[Zechariah]]
Zechariah 4,[[Zechariah]]
Zechariah 5,[[Zechariah]]
Zechariah 6,[[Zechariah]]
Zechariah 7,[[Zechariah]]
Zechariah 8,[[Zechariah]]
Zechariah 9,[[Zechariah]]
Zechariah 10,[[Zechariah]]
Zechariah 11,[[Zechariah]]
Zechariah 12,[[Zechariah]]
Zechariah 13,[[Zechariah]]
Zechariah 14,[[Zechariah]]
Malachi 1,[[Malachi]]
Malachi 2,[[Malachi]]
Malachi 3,[[Malachi]]
Malachi 4,[[Malachi]]
Matthew 1,[[Matthew]]
Matthew 2,[[Matthew]]
Matthew 3,[[Matthew]]
Matthew 4,[[Matthew]]
Matthew 5,[[Matthew]]
Matthew 6,[[Matthew]]
Matthew 7,[[Matthew]]
Matthew 8,[[Matthew]]
Matthew 9,[[Matthew]]
Matthew 10,[[Matthew]]
Matthew 11,[[Matthew]]
Matthew 12,[[Matthew]]
Matthew 13,[[Matthew]]
Matthew 14,[[Matthew]]
Matthew 15,[[Matthew]]
Matthew 16,[[Matthew]]
Matthew 17,[[Matthew]]
Matthew 18,[[Matthew]]
Matthew 19,[[Matthew]]
Matthew 20,[[Matthew]]
Matthew 21,[[Matthew]]
Matthew 22,[[Matthew]]
Matthew 23,[[Matthew]]
Matthew 24,[[Matthew]]
Matthew 25,[[Matthew]]
Matthew 26,[[Matthew]]
Matthew 27,[[Matthew]]
Matthew 28,[[Matthew]]
Mark 1,[[Mark]]
Mark 2,[[Mark]]
Mark 3,[[Mark]]
Mark 4,[[Mark]]
Mark 5,[[Mark]]
Mark 6,[[Mark]]
Mark 7,[[Mark]]
Mark 8,[[Mark]]
Mark 9,[[Mark]]
Mark 10,[[Mark]]
Mark 11,[[Mark]]
Mark 12,[[Mark]]
Mark 13,[[Mark]]
Mark 14,[[Mark]]
Mark 15,[[Mark]]
Mark 16,[[Mark]]
Luke 1,[[Luke]]
Luke 2,[[Luke]]
Luke 3,[[Luke]]
Luke 4,[[Luke]]
Luke 5,[[Luke]]
Luke 6,[[Luke]]
Luke 7,[[Luke]]
Luke 8,[[Luke]]
Luke 9,[[Luke]]
Luke 10,[[Luke]]
Luke 11,[[Luke]]
Luke 12,[[Luke]]
Luke 13,[[Luke]]
Luke 14,[[Luke]]
Luke 15,[[Luke]]
Luke 16,[[Luke]]
Luke 17,[[Luke]]
Luke 18,[[Luke]]
Luke 19,[[Luke]]
Luke 20,[[Luke]]
Luke 21,[[Luke]]
Luke 22,[[Luke]]
Luke 23,[[Luke]]
Luke 24,[[Luke]]
John 1,[[John]]
John 2,[[John]]
John 3,[[John]]
John 4,[[John]]
John 5,[[John]]
John 6,[[John]]
John 7,[[John]]
John 8,[[John]]
John 9,[[John]]
John 10,[[John]]
John 11,[[John]]
John 12,[[John]]
John 13,[[John]]
John 14,[[John]]
John 15,[[John]]
John 16,[[John]]
John 17,[[John]]
John 18,[[John]]
John 19,[[John]]
John 20,[[John]]
John 21,[[John]]
Acts 1,[[Acts]]
Acts 2,[[Acts]]
Acts 3,[[Acts]]
Acts 4,[[Acts]]
Acts 5,[[Acts]]
Acts 6,[[Acts]]
Acts 7,[[Acts]]
Acts 8,[[Acts]]
Acts 9,[[Acts]]
Acts 10,[[Acts]]
Acts 11,[[Acts]]
Acts 12,[[Acts]]
Acts 13,[[Acts]]
Acts 14,[[Acts]]
Acts 15,[[Acts]]
Acts 16,[[Acts]]
Acts 17,[[Acts]]
Acts 18,[[Acts]]
Acts 19,[[Acts]]
Acts 20,[[Acts]]
Acts 21,[[Acts]]
Acts 22,[[Acts]]
Acts 23,[[Acts]]
Acts 24,[[Acts]]
Acts 25,[[Acts]]
Acts 26,[[Acts]]
Acts 27,[[Acts]]
Acts 28,[[Acts]]
Romans 1,[[Romans]]
Romans 2,[[Romans]]
Romans 3,[[Romans]]
Romans 4,[[Romans]]
Romans 5,[[Romans]]
Romans 6,[[Romans]]
Romans 7,[[Romans]]
Romans 8,[[Romans]]
Romans 9,[[Romans]]
Romans 10,[[Romans]]
Romans 11,[[Romans]]
Romans 12,[[Romans]]
Romans 13,[[Romans]]
Romans 14,[[Romans]]
Romans 15,[[Romans]]
Romans 16,[[Romans]]
1 Corinthians 1,[[1 Corinthians]]
1 Corinthians 2,[[1 Corinthians]]
1 Corinthians 3,[[1 Corinthians]]
1 Corinthians 4,[[1 Corinthians]]
1 Corinthians 5,[[1 Corinthians]]
1 Corinthians 6,[[1 Corinthians]]
1 Corinthians 7,[[1 Corinthians]]
1 Corinthians 8,[[1 Corinthians]]
1 Corinthians 9,[[1 Corinthians]]
1 Corinthians 10,[[1 Corinthians]]
1 Corinthians 11,[[1 Corinthians]]
1 Corinthians 12,[[1 Corinthians]]
1 Corinthians 13,[[1 Corinthians]]
1 Corinthians 14,[[1 Corinthians]]
1 Corinthians 15,[[1 Corinthians]]
1 Corinthians 16,[[1 Corinthians]]
2 Corinthians 1,[[2 Corinthians]]
2 Corinthians 2,[[2 Corinthians]]
2 Corinthians 3,[[2 Corinthians]]
2 Corinthians 4,[[2 Corinthians]]
2 Corinthians 5,[[2 Corinthians]]
2 Corinthians 6,[[2 Corinthians]]
2 Corinthians 7,[[2 Corinthians]]
2 Corinthians 8,[[2 Corinthians]]
2 Corinthians 9,[[2 Corinthians]]
2 Corinthians 10,[[2 Corinthians]]
2 Corinthians 11,[[2 Corinthians]]
2 Corinthians 12,[[2 Corinthians]]
2 Corinthians 13,[[2 Corinthians]]
Galatians 1,[[Galatians]]
Galatians 2,[[Galatians]]
Galatians 3,[[Galatians]]
Galatians 4,[[Galatians]]
Galatians 5,[[Galatians]]
Galatians 6,[[Galatians]]
Ephesians 1,[[Ephesians]]
Ephesians 2,[[Ephesians]]
Ephesians 3,[[Ephesians]]
Ephesians 4,[[Ephesians]]
Ephesians 5,[[Ephesians]]
Ephesians 6,[[Ephesians]]
Philippians 1,[[Philippians]]
Philippians 2,[[Philippians]]
Philippians 3,[[Philippians]]
Philippians 4,[[Philippians]]
Colossians 1,[[Colossians]]
Colossians 2,[[Colossians]]
Colossians 3,[[Colossians]]
Colossians 4,[[Colossians]]
1 Thessalonians 1,[[1 Thessalonians]]
1 Thessalonians 2,[[1 Thessalonians]]
1 Thessalonians 3,[[1 Thessalonians]]
1 Thessalonians 4,[[1 Thessalonians]]
1 Thessalonians 5,[[1 Thessalonians]]
2 Thessalonians 1,[[2 Thessalonians]]
2 Thessalonians 2,[[2 Thessalonians]]
2 Thessalonians 3,[[2 Thessalonians]]
1 Timothy 1,[[1 Timothy]]
1 Timothy 2,[[1 Timothy]]
1 Timothy 3,[[1 Timothy]]
1 Timothy 4,[[1 Timothy]]
1 Timothy 5,[[1 Timothy]]
1 Timothy 6,[[1 Timothy]]
2 Timothy 1,[[2 Timothy]]
2 Timothy 2,[[2 Timothy]]
2 Timothy 3,[[2 Timothy]]
2 Timothy 4,[[2 Timothy]]
Titus 1,[[Titus]]
Titus 2,[[Titus]]
Titus 3,[[Titus]]
Philemon 1,[[Philemon]]
Hebrews 1,[[Hebrews]]
Hebrews 2,[[Hebrews]]
Hebrews 3,[[Hebrews]]
Hebrews 4,[[Hebrews]]
Hebrews 5,[[Hebrews]]
Hebrews 6,[[Hebrews]]
Hebrews 7,[[Hebrews]]
Hebrews 8,[[Hebrews]]
Hebrews 9,[[Hebrews]]
Hebrews 10,[[Hebrews]]
Hebrews 11,[[Hebrews]]
Hebrews 12,[[Hebrews]]
Hebrews 13,[[Hebrews]]
James 1,[[James]]
James 2,[[James]]
James 3,[[James]]
James 4,[[James]]
James 5,[[James]]
1 Peter 1,[[1 Peter]]
1 Peter 2,[[1 Peter]]
1 Peter 3,[[1 Peter]]
1 Peter 4,[[1 Peter]]
1 Peter 5,[[1 Peter]]
2 Peter 1,[[2 Peter]]
2 Peter 2,[[2 Peter]]
2 Peter 3,[[2 Peter]]
1 John 1,[[1 John]]
1 John 2,[[1 John]]
1 John 3,[[1 John]]
1 John 4,[[1 John]]
1 John 5,[[1 John]]
2 John 1,[[2 John]]
3 John 1,[[3 John]]
Jude 1,[[Jude]]
Revelation 1,[[Revelation]]
Revelation 2,[[Revelation]]
Revelation 3,[[Revelation]]
Revelation 4,[[Revelation]]
Revelation 5,[[Revelation]]
Revelation 6,[[Revelation]]
Revelation 7,[[Revelation]]
Revelation 8,[[Revelation]]
Revelation 9,[[Revelation]]
Revelation 10,[[Revelation]]
Revelation 11,[[Revelation]]
Revelation 12,[[Revelation]]
Revelation 13,[[Revelation]]
Revelation 14,[[Revelation]]
Revelation 15,[[Revelation]]
Revelation 16,[[Revelation]]
Revelation 17,[[Revelation]]
Revelation 18,[[Revelation]]
Revelation 19,[[Revelation]]
Revelation 20,[[Revelation]]
Revelation 21,[[Revelation]]
Revelation 22,[[Revelation]]
